{
  "criteria": {
    "DrankCuring": {
      "trigger": "minecraft:consume_item",
      "conditions": {
        "player": [
          {
            "condition": "minecraft:entity_properties",
            "entity": "this",
            "predicate": {
              "type": "minecraft:player",
              "nbt": "{Tags:[\"bb.affected\"]}"
            }
          }
        ],
        "item": {
          "tag": "bottleblock:curing"
        }
      }
    }
  },
  "rewards": {
    "function": "bottleblock:bartender_functions/drank_curing"
  }
}
  