{
    "ultrawarm": false,
    "natural": true,
    "piglin_safe": true,
    "respawn_anchor_works": true,
    "bed_works": true,
    "has_raids": false,
    "has_skylight": true,
    "has_ceiling": false,
    "coordinate_scale": 1,
    "ambient_light": 0,
    "fixed_time": 1,
    "logical_height": 128,
    "effects": "minecraft:the_end",
    "infiniburn": "#minecraft:infiniburn_overworld",
    "min_y": -64,
    "height": 320,
    "monster_spawn_light_level": 0,
    "monster_spawn_block_light_limit": 0
  }
  