{
    "temperature": 0.8,
    "downfall": 1,
    "has_precipitation": false,
    "effects": {
      "sky_color": 8103167,
      "fog_color": 12638463,
      "water_color": 4159204,
      "water_fog_color": 329011,
      "grass_color_modifier": "none"
    },
    "spawn_costs": {},
    "carvers": {
        "air": [
          "minecraft:cave",
          "minecraft:canyon",
          "minecraft:cave_extra_underground"
        ]
      },
      "features": [
        [],
        [
            "minecraft:lake_lava_underground",
            "minecraft:lake_lava_surface"
        ],
        [
            "minecraft:amethyst_geode"
        ],
        [
            "minecraft:monster_room",
            "minecraft:monster_room_deep"
        ],
        [],
        [],
        [
            "minecraft:ore_dirt",
            "minecraft:ore_gravel",
            "minecraft:ore_granite_upper",
            "minecraft:ore_granite_lower",
            "minecraft:ore_diorite_upper",
            "minecraft:ore_diorite_lower",
            "minecraft:ore_andesite_upper",
            "minecraft:ore_andesite_lower",
            "minecraft:ore_tuff",
            "minecraft:ore_coal_upper",
            "minecraft:ore_coal_lower",
            "minecraft:ore_iron_upper",
            "minecraft:ore_iron_middle",
            "minecraft:ore_iron_small",
            "minecraft:ore_gold",
            "minecraft:ore_gold_lower",
            "minecraft:ore_redstone",
            "minecraft:ore_redstone_lower",
            "minecraft:ore_diamond",
            "minecraft:ore_diamond_large",
            "minecraft:ore_diamond_buried",
            "minecraft:ore_lapis",
            "minecraft:ore_lapis_buried",
            "minecraft:ore_copper",
            "minecraft:underwater_magma",
            "minecraft:disk_sand",
            "minecraft:disk_clay",
            "minecraft:disk_gravel"
        ],
        [],
        [
            "minecraft:spring_water",
            "minecraft:spring_lava"
        ],
        [
            "minecraft:glow_lichen",
            "minecraft:trees_water",
            "minecraft:flower_default",
            "minecraft:patch_grass_badlands",
            "minecraft:brown_mushroom_normal",
            "minecraft:red_mushroom_normal",
            "minecraft:patch_sugar_cane",
            "minecraft:patch_pumpkin",
            "minecraft:seagrass_deep",
            "minecraft:seagrass_simple",
            "minecraft:kelp_cold"
        ],
        [
            "minecraft:freeze_top_layer"
        ]
    ],
    "spawners": {
      "creature": [],
      "axolotls": [],
      "underground_water_creature": [
          {
              "type": "minecraft:glow_squid",
              "weight": 10,
              "minCount": 4,
              "maxCount": 6
          }
      ],
      "water_creature": [
          {
              "type": "minecraft:squid",
              "weight": 1,
              "minCount": 1,
              "maxCount": 4
          },
          {
              "type": "minecraft:dolphin",
              "weight": 1,
              "minCount": 1,
              "maxCount": 2
          }
      ],
      "water_ambient": [
          {
              "type": "minecraft:cod",
              "weight": 10,
              "minCount": 3,
              "maxCount": 6
          }
      ],
      "misc": []
  }
}