{
  "criteria": {
    "requirement": {
      "trigger": "minecraft:consume_item",
      "conditions": {
        "player": {
          "nbt": "{SelectedItem:{id:\"minecraft:suspicious_stew\",components:{\"minecraft:enchantment_glint_override\":1b,\"minecraft:custom_data\":{bottleblock:1b}},count:1}}"
        },
        "item": {
          "items": [
            "minecraft:suspicious_stew"
          ]
        }
      }
    }
  },
  "rewards": {
    "function": "bottleblock:drank_stew"
   }
}