{
  "type": "bottleblock:flat_grass",
  "generator": {
      "type": "minecraft:flat",
      "settings": {
        "lakes": false,
        "features": false,
        "structure_overrides": [],
        "layers": [
          {
            "block": "minecraft:bedrock",
            "height": 1
          },
          {
            "block": "minecraft:stone",
            "height": 10
          },
          {
            "block": "minecraft:dirt",
            "height": 4
          },
          {
            "block": "minecraft:grass_block",
            "height": 1
          }
      ]
    }
  }
}