{
    "criteria": {
      "requirement": {
        "trigger": "minecraft:player_interacted_with_entity",
        "conditions": {
          "player": [],
          "item": {
            "tag": "minecraft:small_flowers"
          },
          "entity": [
            {
              "condition": "minecraft:entity_properties",
              "entity": "this",
              "predicate": {
                "type": "minecraft:mooshroom",
                "type_specific": {
                  "type": "mooshroom",
                  "variant": "brown"
                },
                "nbt": "{CustomName:'\"Bartender\"'}"
              }
            }
          ]
        }
      }
    },
    "rewards": {
      "function": "bottleblock:bartender_functions/flower_interaction"
    }
  }
  