{
    "temperature": 0.0,
    "downfall": 0.8,
    "has_precipitation": true,
    "effects": {
        "sky_color": 595268,
        "fog_color": 12635607,
        "water_color": 7453951,
        "water_fog_color": 2244717,
        "grass_color": 15397112,
        "foliage_color": 15397112,
        "grass_color_modifier": "none",
        "particle": {
          "options": {
            "type": "minecraft:snowflake",
            "scale": 1.3333
          },
          "probability": 0.35
        }
    },
    "spawners": {},
    "spawn_costs": {},
    "carvers": {
        "air": [
          "minecraft:cave",
          "minecraft:canyon",
          "minecraft:cave_extra_underground"
        ]
      },
      "features": [
        [],
        [],
        [
          "minecraft:iceberg_packed",
          "minecraft:iceberg_blue",
          "minecraft:forest_rock"
        ],
        [],
        ["minecraft:blue_ice"],
        [],
        [
          "minecraft:disk_sand",
          "minecraft:disk_clay",
          "minecraft:disk_gravel"
        ],
        [],
        [],
        [
          "minecraft:trees_snowy",
          "minecraft:flower_default",
          "minecraft:patch_sugar_cane",
          "minecraft:patch_pumpkin",
          "minecraft:patch_berry_common",
          "minecraft:glow_lichen",
          "minecraft:patch_large_fern"
        ],
        ["minecraft:freeze_top_layer"]
      ]
}