{
    "blend": {
        "func": "add",
        "srcrgb": "one",
        "dstrgb": "zero"
    },
    "vertex": "toggler/shader",
    "fragment": "toggler/shader",
    "attributes": [ "Position" ],
    "samplers": [
        { "name": "DiffuseSampler" },
        { "name": "ControlSampler" },
        { "name": "DiffuseDepthSampler" },
        { "name": "PrevSampler" },
        { "name": "DitherSampler" }
    ],
    "uniforms": [
        { "name": "InSize",     "type": "float",     "count": 2,  "values": [ 1.0, 1.0 ] },
        { "name": "ProjMat",    "type": "matrix4x4", "count": 16, "values": [ 1.0, 0.0, 0.0, 0.0, 0.0, 1.0, 0.0, 0.0, 0.0, 0.0, 1.0, 0.0, 0.0, 0.0, 0.0, 1.0 ] },
        { "name": "OutSize",    "type": "float",     "count": 2,  "values": [ 1.0, 1.0 ] },
        { "name": "ScreenSize", "type": "float",     "count": 2,  "values": [ 1.0, 1.0 ] },
        { "name": "ColorModulate", "type": "float",     "count": 4,  "values": [ 1.0, 1.0, 1.0, 1.0 ] },
        { "name": "Resolution",       "type": "float",     "count": 1,  "values": [ 8.0 ] },
        { "name": "Saturation",       "type": "float",     "count": 1,  "values": [ 2.0 ] },
        { "name": "MosaicSize",       "type": "float",     "count": 1,  "values": [ 16.0 ] },
        { "name": "Time",         "type": "float",     "count": 1,  "values": [ 0.0 ] },
        { "name": "TTrack",         "type": "float",     "count": 1,  "values": [ 0.0 ] }
    ]
}
